{
    "train": {
        "accuracy": 9.107174697010532,
        "loss": 0.0011653295762275029
    },
    "val": {
        "accuracy": 9.842444245103374,
        "loss": 0.35498442544998476
    },
    "step": 9
}
