{
    "train": {
        "accuracy": 9.672791242618402,
        "loss": 0.744221582040176
    },
    "val": {
        "accuracy": 9.189229184931948,
        "loss": 0.760971297818945
    },
    "step": 9
}
