{
    "train": {
        "accuracy": 9.362165651085103,
        "loss": 0.40751789513817094
    },
    "val": {
        "accuracy": 9.527230538601593,
        "loss": 0.5918191359135351
    },
    "step": 9
}
