step	accuracy
0	0.4182129288238753
1	1.4155344851163985
2	2.798828535272651
3	3.2088266305690536
4	4.868450365072983
5	5.687549086571666
6	6.522841922409244
7	7.053037989690688
8	8.40198161935167
9	9.672791242618402
