step	accuracy
0	0.8042875591092997
1	1.3856664347545102
2	2.447133463678287
3	3.2744726927516834
4	4.552936551544168
5	5.981079554732683
6	6.82092014820293
7	7.991330737272776
8	8.875027686556422
9	9.362165651085103
