step	accuracy
0	0.6763045036217411
1	1.4579549069878643
2	2.490124273840393
3	3.1000295719344697
4	4.319283381694121
5	5.285439313836915
6	6.240360443129852
7	7.624973642760914
8	8.654710175838959
9	9.107174697010532
