step	accuracy
0	0.3483903490473895
0	1.3813155181801977
0	2.733136035870798
0	3.0053084618230046
0	4.646271667606987
0	5.508149923656024
0	6.719861727549269
0	7.5236181146106
0	8.122249813025002
0	9.636141271851132
