step	loss
0	9.001054042728773
1	8.707854283062176
2	7.448297190398974
3	6.4747427509753805
4	5.355208406978446
5	4.84867183558728
6	3.060760640303777
7	2.4360979002686314
8	1.4863623053897876
9	0.0011653295762275029
