step	loss
0	9.484133337973425
0	8.790824682824848
0	7.239744731611083
0	6.861214870665722
0	5.1764012816848295
0	4.841650662180262
0	3.347128048121026
0	2.33059790338542
0	1.9083019792419789
0	0.5562094954083745
