step	loss
0	9.997824469942309
1	8.55958954620013
2	7.313080721770429
3	6.059896932311262
4	5.246662642530532
5	4.992249181166959
6	3.5002203664378793
7	2.885782831365532
8	1.4517118371750826
9	0.744221582040176
